{"target": -51.04391948032675, "params": {"a1": 8.537990122037613, "a2": 15.480680267557435, "a3": 14.17045829088191, "a4": 14.572649596994797, "a5": 2.849216699210767, "a6": 0.6261324431748978, "a7": 19.73042723343737}, "datetime": {"datetime": "2023-06-06 17:13:55", "elapsed": 0.0, "delta": 0.0}}
